<?xml version="1.0" encoding="UTF-8"?>
<project-private xmlns="http://www.netbeans.org/ns/project-private/1">
    <editor-bookmarks xmlns="http://www.netbeans.org/ns/editor-bookmarks/2" lastBookmarkId="0"/>
    <open-files xmlns="http://www.netbeans.org/ns/projectui-open-files/2">
        <group>
            <file>file:/C:/Users/DAM2/Documents/NetBeansProjects/JavaFXApplication2/src/repasoxml/FXMLDocumentController.java</file>
            <file>file:/C:/Users/DAM2/Documents/NetBeansProjects/JavaFXApplication2/src/repasoxml/ApoyoXML.java</file>
            <file>file:/C:/Users/DAM2/Documents/NetBeansProjects/JavaFXApplication2/src/repasoxml/RepasoXML.java</file>
            <file>file:/C:/Users/DAM2/Documents/NetBeansProjects/JavaFXApplication2/src/repasoxml/FutbolistaPOJO.java</file>
            <file>file:/C:/Users/DAM2/Documents/NetBeansProjects/JavaFXApplication2/src/repasoxml/JavaFXApplication2.java</file>
        </group>
    </open-files>
</project-private>
